﻿NO TIKET ;NAMA;NIK;EMAIL;NO. HP;PAYMENT TYPE;STATUS PAYMENT;EVENT CODE;NOTE
0201;Novia Dian Lestari;5271015011010003;noviadian07@gmail.com;08980120763;Cash;Success;bdl;
0202;Nirmala Hesti Nurani;5203056005010004;noviadian07@gmail.com;081291153768;Cash;Success;bdl;
0203;NOVIA RISKY AYU PARAMUDITHA;5271036311970001;DWISEPTIAKARI@GMAIL.COM ;0895335175749;Cash;Success;std1;
0204;EKA NUR WULANDARI ABDULLAH ;5201144704990002;DWISEPTIAKARI@GMAIL.COM ;087750178887;Cash;Success;std1;
0205;DWI SEPTIA KARI ;5201015109990001;DWISEPTIAKARI@GMAIL.COM ;087865222353;Cash;Success;std1;
0206;MEISY TRI DINDHA AYU;5271037005030001;DWISEPTIAKARI@GMAIL.COM ;0895600797500;Cash;Success;std1;
0207;MUHAMMAD ARYA RAHMAN ;5271022511970002;DWISEPTIAKARI@GMAIL.COM ;089686893573;Cash;Success;std1;
0208;Rizki Amelia Septiani;5271056009960004;rizkiamelia760@gmail.com;081999314315;Transfer ;Pending;bdl;DP
0209;Rifadli Doktawiranda Agusdin;5271061007970002;xlawswirda@gmail.com;081224622278;Transfer;Pending;bdl;DP
0210;Baiq Dhara saskia aini;5271056306970002;saskiadhara@gmail.com;082339273225;Transfer;Success;bdl;
0211;Ilham Bintang;5271040410960001;ilhambintang.ai@gmail.com;085858517797;Transfer;Success;bdl;
0212;AFIFATUN NAJWA ;5203144310990002;AFIFATUNNAJWA99@GMAIL.COM ;083848811187;Cash;Success;std1;
0213;ZUHAERATUL FIRDAUS ;52020968109990004;AFIFATUNNAJWA99@GMAIL.COM ;083830250702;Cash;Success;std1;
0214;RIA OKTAVIA ;5271026810960003;PUTRIARDIANA50@GMAIL.COM ;085954629562;Cash;Success;bdl;
0215;NI PUTU ARDIANA PUTRI ;5271025910000001;PUTRIARDIANA50@GMAIL.COM ;081934470631;Cash;Success;bdl;
0216;Mega Mustika;5271066311980001;megamustikanov1998@gmail.com;082339473422;Cash;Success;bdl;
0217;Wihda Qisthi Mausiqa;5202035704990006;;082339883624;Cash;Success;bdl;
0218;Hilmi Hijriani;5271066602000003;;087701700782;Cash;Success;bdl;
0219;Rembulan Desi Rahmawati;5271066810990001;;085238906102;Cash;Success;bdl;
0220;STEPHANIE MIRANDA KLAAS ;5271024610960001;MIRANDASTEVI@GMAIL.COM ;085338520279;Cash;Success;std1;
0221;KIA PUTRI ASIANA ;5208044707020002;KIAPUTRIASIANA@GMAIL.COM ;087863530097;Cash;Success;std1;
0222;YOHANA FRANCISCA FABIOLA LEE MONTANA ;5271065912960001;FRANSISCAFABIOLA19@GMAIL.COM;081917222231;Cash;Success;std1;
0223;AGUSTISNUS FERNANDO VALENTINO SONATA;5271012408970004;AFEZONATO@GMAIL.COM ;081907814666;Cash;Success;std1;
0224;MUHAMMAD RAMADHAN NABIL P ;5203071101980004;NABILPRANGGA@GMAIL.COM;081918210149;Transfer;Success;bdl;
0225;Irham Hadi;5271011112910001;adi10irham@gmail.com;081949823975;Cash;Success;std2;
0226;Lalu irfan dharma putra;5271050408950001;irfan.dharma04@gmail.com;089671557777;Cash;Success;std2;
0227;Sehalil Hamzah;5272110107920252;;087765041709;Cash;Success;std2;
0228;Jubratul Kiran;5271014101030001;hanyam89@gmail.com;087861846881;Cash;Success;std2;
0229;Nigel Danuarta;5203200909030003;;085337126861;Cash;Success;std2;
0230;RIANI PERMATA SARI ;5203174301980004;AAYIK1878@GMAIL.COM;087885702572;Transfer;Success;bdl;
0231;Aprilani Renita;5271016904980003;renitaapriyani52@gmail.com;085236663082;Cash;Success;bdl;
0232;Yurika Fitrika Hadi;5201136109800001;ico.yuriko21@gmail.com;081916034880;Cash;Success;bdl;
0233;Adinda Alifatuh Kintani;5201136705980001;ndakintani@gmail.com;083129399913;Cash;Success;bdl;
0234;Durratul Fatina Afra;5271054805980003;darratulfatina@gmail.com;083129566679;Cash;Success;;belum tau ambil day1/day2
0235;Kadek Widhiasthiti;5201087004980001;kadekwidhiiasthiti@gmail.com;087759674837;Cash;Success;;belum tau ambil day1/day2
0236;ANGGA PUTRA RIAS PRATAMA ;5203171504940001;ANGGAPUTRA1590@GMAIL.COM;081907543525;Cash;Success;std1;
0237;NI PUTU RIKA SULISTYANI ;5271037101940002;ANGGAPUTRA1590@GMAIL.COM;087865297899;Cash;Success;std1;
0238;ANINDYA MARISA PUTRI ;5271064403960003;ANINDYAMARISA04@GMAIL.COM;082340871959;Cash;Success;std1;
0239;SALEH FIRDAUS ;5271063009950001;OSIFIRDAUS@GMAIL.COM ;081237873939;Cash;Success;std1;
0240;Arkan Sajidan;5271041212010003;arkansajidan@gmail.com;089616871468;Transfer;Success;bdl;
0241;Malik Abdul Aziz;5271040301030001;guardiansteel88@gmail.com;082340560276;Cash;Success;bdl;
0242;FLOURENCIA NINDYA Sri Ramadhanti;5271014201990002;FLURENCIANINDY1@GMAIL.COM;087802506137;Cash;Success;std1;
0243;AULIA ASSABILA ;5271014101990001;ASSABILAA01@GMAIL.COM;089671371035;Cash;Success;std1;
0244;NAUFAL ATHALLAH HAMMAMI ;5271052812030002;LALUDANIEL2001@GMAIL.COM;081803160256;Cash;Success;bdl;
0245;MUHAMMAD DHERYL MAULANA AKBAR;5271052205040001;LALUDANIEL2001@GMAIL.COM;081913929148;Cash;Success;bdl;
0246;Sultan Gahndur Faras;5201132709020001;sultanfaras@icloud.com;087857120606;cash;Success;bdl;
0247;Baiq Silatur Andini;5201135707030001;bqshila.07@gmail.com;081805741851;cash;Success;bdl;
0248;Moh. Fadil Rahmawan;5202051909000002;rahmawdill19@gmail.com;087821926368;cash;Pending;bdl;DP
0249;Elawati;5202016808980000;elaaawati@gmail.com;087863403263;cash;Pending;bdl;DP
0250;Ikbal Fathul Haditia;5202090107960270;ikbalfathulhaditia@gmail.com;083129374235;cash;Pending;bdl;DP
0251;Ahmad Deni Ramdani;5271032012990004;deniramdani2018@gmail.com;085205302783;;Success;std1;
0252;Haykal Gibran Ananta Thamrin;5271030108060001;banbenbon67@gmail.com ;087732553854;;Success;std1;
0253;syakila vania syahda;5271044103080001;syakilarasyid7@gmail.com;081246399996;;Success;bdl;
0254;Olivia Tsania ;10688;oliviasania29@gmail.com;081998022583;;Success;bdl;
0255;Zahwa Ersa Safitri;10708;sahwaersa12@gmail.com ;087711120788;;Success;bdl;
0256;rijal muhammad farizky;5271041805020001;rmfarizky@gmail.com;081917199828;Cash;Success;std1;
0257;aqila sativa nurhaliza;5271044607100003;;;Cash;Success;std1;
0258;bagas adinata;020116260099;;;Cash;Success;std1;
0259;rahmatullah, se;5271046506790003;;;Cash;Success;std1;
0260;alief putra hartanto;5201092802030004;;;Cash;Success;std1;
0261;galuh raudhatul waqi'ah;5201095307030004;;;Cash;Success;std1;
0262;wilyan amri;5201092406010001;;;Cash;Success;std1;
0263;Ida Ayu Arininta Pidada;5271034412000000;dayuu2018@gmail.com;087756515677;Transfer;Pending;std1;DP
0264;Giyo Wara Karyana;5271021601010003;dayuu2018@gmail.com;087756515677;Transfer;Pending;bdl;DP
0265;Ni Putu Winda Widayanti ;5271055910040001;dayuu2018@gmail.com;087756515677;Transfer;Pending;bdl;DP
0266;muhammad khairurrozikin;5202121806950001;;081238756746;Cash;Success;bdl;
0267;baiq trisna septia;5271026808980003;baiqtrisnaa@gmail.com;081230033621;Cash;Success;bdl;
0268;Muhammad Khoirurrozikin;5202121806950001;baiqtrisnaa@gmail.com;081238756746;Cash;Success;bdl;
0269;Lishintia Larasati;5271016510980002;baiqtrisnaa@gmail.com;08873096329;Transfer;Success;bdl;
0270;muhammad ezra rizkiatama putra;5271041512970001;erizkiatama@gmail.com;081315510938;;Success;bdl;
0271;Hefa Salsabila Iskandar;5271045011990002;erizkiatama@gmail.com;087848508411;;Success;bdl;
0272;Febrian Rizky Anugrah;5201141802020004;febriaby13@gmail.com;087755581069;;Success;bdl;
0273;Dewa Gede Dimas Ananta Dheva Maheswara;5201010101030006;dewaananta97@gmail.com;085237985567;Cash;Success;std1;
0274;Salsa Pricillia Arianti;5271016504020003;salsapricilaarianty@gmail.com;081775165461;Cash;Success;std1;
0275;M. Haidyr Dzikrurrohman;5208012803010002;zikrarahman2015@gmail.com;082137114874;Cash;Success;std1;
0276;Fadila Nur Rahman;5204226507010001;fadhilanr@gmail.com;081238942565;Cash;Success;std1;
0277;Reivirly Khairadaty;5201034503030006;reivirlykhairadatyyy@gmail.com;087761577033;;Success;bdl;
0278;Dhea Rizma Demula Putri;5207035403030001;reivirlykhairadatyyy@gmail.com;085337355355;;Success;bdl;
0279;muhammad andreza mahdintara;5271051205030001;reivirlykhairadatyyy@gmail.com;085339585994;;Success;std1;
0280;Viefa Avrilian Alifah;5205015104030005;achiansari@gamil.com;082339020419;cash;Success;bdl;
0281;Yulia Fanny Dwi Frismayati;5201094407030001;achiansari@gamil.com;082339020419;cash;Success;bdl;
0282;Ismiatul Qadariah Dahlan;5202054207040004;achiansari@gamil.com;082339020419;cash;Success;bdl;
0283;Nadia Fitria Dahlan;5202056801980003;achiansari@gamil.com;082339020419;cash;Success;bdl;
0284;tri wardiyanti ;5202045009980002;triwardiyanti10@gmail.com;087757234114;Transfer;Success;bdl;
0285;windy erdita chandra;5202105705980000;windyerditachandra48@gmail.com;081907694913;Transfer;Success;bdl;
0286;muhammad purwo riyadi;5201020110970003;purwoprakoso@gmail.com ;081907333477;;Success;std1;
0287;mahendra ananta adi saputra ;5202081006020002;mahendrananta1006@gmail.com;081933109051;;Success;std1;
0288;Sulton maulana hatami;5201120904000002;sultonmaulana299@gmail.com ;085338200297;;Success;std1;
0289;Nandyta Frismaya Putri;5201094101990006;nandytafrismaya@gmail.com;085847779798;Cash;Success;bdl;
0290;Rahma Ida Ristiarini;5202105012990001;nandytafrismaya@gmail.com;085847779798;cash;Success;bdl;
0291;Baiq Safira Oktavianti;5201084107980081;nandytafrismaya@gmail.com;085847779798;cash;Success;bdl;
0292;Apriliani;5201096702970002;nandytafrismaya@gmail.com;085847779798;cash;Success;bdl;
0293;Nuryana Febrina;5271056702990005;nandytafrismaya@gmail.com;085847779798;cash;Success;bdl;
0294;Aqila Fadia;5205014404030003;aqilafadia133@gmail.com;085238133192;;Success;bdl;
0295;Khairatun Hisan;5205014502030006;aqilafadia133@gmail.com;085338813899;;Success;bdl;
0296;hafizul khatomy;5203203004990001;hafizkhatomy1999@gmail.com;085923286179;;Success;std1;
0297;Safitri Melinia;5205014801000004;hafizkhatomy1999@gmail.com;085923286179;;Success;std1;
0298;Baiq Widuri Anggraini;5271065010970003;baiq.widuri10@gmail.com;081918013823;Transfer;Success;bdl;
0299;Rendi Septian Dwiputra;5271020709970005;baiq.widuri10@gmail.com;082341561933;Transfer;Success;bdl;
0300;Aprillia Sanmita;5271016006960001;baiq.widuri10@gmail.com;083129339096;Transfer;Success;bdl;
0301;Ernawati;520103540997004;erna46220@gmail.com;087712528729;Cash;Pending;bdl;DP